"hokkaido","https://tabiiro.jp/plan/1938/","1泊2日の函館観光モデルコース。函館朝市や五稜郭公園へ","https://img.tabiiro.jp/plans.tabiiro.jp/plans/images/main/1698116315-main1938+%281%29.jpg"
"hokkaido","https://tabiiro.jp/plan/2003/","北海道・積丹半島モデルコース　神威岬で絶景ハイキング","https://img.tabiiro.jp/plans.tabiiro.jp/plans/images/main/1696231457-main2003.jpg"
"hokkaido","https://tabiiro.jp/plan/1955/","函館観光1泊2日モデルコース　絶景ドライブで温泉巡り＆恵山へ","https://img.tabiiro.jp/plans.tabiiro.jp/plans/images/main/1695715266-main1955.jpg"
"hokkaido","https://tabiiro.jp/plan/1953/","北海道へ2泊3日バイク旅！道東の湖や道の駅で絶景＆グルメ満喫","https://img.tabiiro.jp/plans.tabiiro.jp/plans/images/main/1695613865-main1953.jpg"
"hokkaido","https://tabiiro.jp/plan/1959/","北海道を車なしで1泊2日観光。大沼国定公園で森林浴＆散策","https://img.tabiiro.jp/plans.tabiiro.jp/plans/images/main/1695091679-main1959.jpg"
"hokkaido","https://tabiiro.jp/plan/1853/","北海道の新球場・エスコンフィールドへ！最新スポットで野球観戦","https://img.tabiiro.jp/plans.tabiiro.jp/plans/images/main/1693534290-main1853+%281%29.jpg"
"hokkaido","https://tabiiro.jp/plan/1832/","札幌の新名所・AOAO SAPPOROへ！グルメも食す女子旅","https://img.tabiiro.jp/plans.tabiiro.jp/plans/images/main/1693192021-main1832+%281%29.jpg"
"hokkaido","https://tabiiro.jp/plan/1830/","北海道・阿寒湖温泉へ！アイヌ文化と自然に触れるデート旅","https://img.tabiiro.jp/plans.tabiiro.jp/plans/images/main/1692867764-main1830+%281%29.jpg"
"hokkaido","https://tabiiro.jp/plan/1829/","北海道・ウトロ温泉を1泊2日で観光。世界遺産・知床を巡る旅","https://img.tabiiro.jp/plans.tabiiro.jp/plans/images/main/1692753707-main1829+%281%29.jpg"
"hokkaido","https://tabiiro.jp/plan/1880/","北海道・美瑛の丘を巡る。絶景と美食に癒やされる1泊2日旅行","https://img.tabiiro.jp/plans.tabiiro.jp/plans/images/main/1692599374-main1880.jpg"
"hokkaido","https://tabiiro.jp/plan/1817/","富良野＆旭川観光モデルコース♪温泉と自然を満喫するカップル旅","https://img.tabiiro.jp/plans.tabiiro.jp/plans/images/main/1693471390-main1817+%282%29+%281%29.jpg"
"hokkaido","https://tabiiro.jp/plan/1887/","北海道・新冠へ1泊2日のひとり旅。乗馬体験や新冠温泉を満喫","https://img.tabiiro.jp/plans.tabiiro.jp/plans/images/main/1690511183-main1887.jpg"
"hokkaido","https://tabiiro.jp/plan/1752/","札幌から日帰りで空知ドライブ！ 北竜町ひまわりの里や宮島沼へ","https://img.tabiiro.jp/plans.tabiiro.jp/plans/images/main/1689226725-main1752+%281%29.jpg"
"hokkaido","https://tabiiro.jp/plan/1836/","北海道の藻琴山へ登山旅。屈斜路湖・摩周湖・神の子池の絶景巡り","https://img.tabiiro.jp/plans.tabiiro.jp/plans/images/main/1689060179-main1836.jpg"
"hokkaido","https://tabiiro.jp/plan/1742/","鈴井貴之さんと作成！北海道・大雪山を訪れる1泊2日の旅プラン","https://img.tabiiro.jp/plans.tabiiro.jp/plans/images/main/1688458077-main1742+%282%29+%281%29.jpg"
"hokkaido","https://tabiiro.jp/plan/1769/","知床の最高峰・羅臼岳を登山。ウトロ温泉や知床五胡も満喫の絶景旅","https://img.tabiiro.jp/plans.tabiiro.jp/plans/images/main/1687144993-main1769.jpg"
"hokkaido","https://tabiiro.jp/plan/1710/","札幌・小樽を2泊3日で満喫！車なしで巡る王道観光モデルコース","https://img.tabiiro.jp/plans.tabiiro.jp/plans/images/main/1686887338-main1710.jpg"
"hokkaido","https://tabiiro.jp/plan/1764/","北海道・大雪山で沼めぐり。ヒグマの生息地をハイキング","https://img.tabiiro.jp/plans.tabiiro.jp/plans/images/main/1685930107-main1764.jpg"
"hokkaido","https://tabiiro.jp/plan/1679/","函館へグルメ女子旅♡ハセガワストアのやきとり弁当にスイーツも","https://img.tabiiro.jp/plans.tabiiro.jp/plans/images/main/1682044403-main1679.jpg"
"hokkaido","https://tabiiro.jp/plan/1615/","北海道旅行を'車なし'で満喫！2泊3日で函館＆洞爺湖を観光","https://img.tabiiro.jp/plans.tabiiro.jp/plans/images/main/1681264070-main1615.jpg"
"hokkaido","https://tabiiro.jp/plan/165/","日本一早い紅葉を楽しむ　層雲峡へ母娘で温泉旅","https://img.tabiiro.jp/plans.tabiiro.jp/plans/images/id/1648610441-555.main555.jpg"
"hokkaido","https://tabiiro.jp/plan/189/","札幌の食と紅葉を満喫！　おいしい秋のカップル旅","https://img.tabiiro.jp/plans.tabiiro.jp/plans/images/id/1648610490-608.main608.jpg"
"hokkaido","https://tabiiro.jp/plan/740/","冬の小樽へカップル旅　雪とキャンドルの祭典へ","https://img.tabiiro.jp/plans.tabiiro.jp/plans/images/id/1648613223-2451.main2451.jpg"
"hokkaido","https://tabiiro.jp/plan/743/","札幌から日帰りで観光　小樽の歴史探訪ひとり旅","https://img.tabiiro.jp/plans.tabiiro.jp/plans/images/main/1652354687-main743.jpg"
"hokkaido","https://tabiiro.jp/plan/742/","札幌から日帰りひとり旅　冬の小樽で喫茶店めぐり","https://img.tabiiro.jp/plans.tabiiro.jp/plans/images/main/1652354784-main742.jpg"
"hokkaido","https://tabiiro.jp/plan/1105/","北海道ニセコの温泉巡り　美肌を求めて女子旅","https://img.tabiiro.jp/plans.tabiiro.jp/plans/images/main/1653457760-main1105.jpg"
"hokkaido","https://tabiiro.jp/plan/1097/","北海道・層雲峡を巡る旅　夏の大雪山に登ろう！","https://img.tabiiro.jp/plans.tabiiro.jp/plans/images/main/1655716418-main1097.jpg"
"hokkaido","https://tabiiro.jp/plan/1238/","北海道・支笏湖の秘湯へ　絶景に出合う登山旅","https://img.tabiiro.jp/plans.tabiiro.jp/plans/images/main/1657161893-main1238.jpg"
"hokkaido","https://tabiiro.jp/plan/975/","十勝・帯広を巡る家族旅　ジブリ映画の世界へGO","https://img.tabiiro.jp/plans.tabiiro.jp/plans/images/main/1652428746-main975.jpg"
"hokkaido","https://tabiiro.jp/plan/1261/","北海道のトムラウシへ　秘湯や絶景を満喫の旅","https://img.tabiiro.jp/plans.tabiiro.jp/plans/images/main/1659407804-main1261.jpg"